0,BEGINNING,Beginning_Ele,0,0,7.01,0,0,6.6,0,0,0,0,0,0,0
1,LRGD1,Drift,0.325,0.325,7.43,0.045,0,6.98,0.048,0,0,0,0,0,0
2,S01K1,Kicker,0.355,0.03,7.47,0.049,0,7.02,0.052,0,0,0,0,0,0
3,S01D1,Drift,0.455,0.1,7.61,0.062,0,7.15,0.066,0,0,0,0,0,0
4,S01D2,Drift,0.678,0.223,7.93,0.091,0,7.44,0.097,0,0,0,0,0,0
5,S01D3,Drift,0.728,0.05,8,0.097,0,7.51,0.104,0,0,0,0,0,0
6,S01K2,Kicker,0.83,0.102,8.16,0.11,0,7.65,0.117,0,0,0,0,0,0
7,S01BPM1,Monitor,0.938,0.108,8.33,0.123,0,7.81,0.131,0,0,0,0,0,0
8,S01D4,Drift,0.981,0.043,8.4,0.128,0,7.87,0.136,0,0,0,0,0,0
9,S01S1,Instrument,0.981,0,8.4,0.128,0,7.87,0.136,0,0,0,0,0,0
10,S01D5,Drift,1.058,0.077,8.52,0.137,0,7.99,0.146,0,0,0,0,0,0
11,L01D1,Drift,1.194,0.136,8.75,0.153,0,8.2,0.163,0,0,0,0,0,0
12,L01C1,Lcavity,3.227,2.033,10.3,0.386,0,9.67,0.411,0,0,0,21000000,-16,2998500000
13,L01D2,Drift,3.299,0.073,10.35,0.393,0,9.72,0.419,0,0,0,0,0,0
14,S02K1,Kicker,3.376,0.077,10.4,0.4,0,9.78,0.427,0,0,0,0,0,0
15,S02D1,Drift,3.448,0.072,10.45,0.407,0,9.83,0.434,0,0,0,0,0,0
16,S02D2,Drift,3.477,0.029,10.47,0.41,0,9.85,0.437,0,0,0,0,0,0
17,S02Q1,Quadrupole,3.578,0.101,10.68,0.419,0,9.8,0.447,0,0,-1.274736842,0,0,0
18,S02D3,Drift,3.578,0,10.68,0.419,0,9.8,0.447,0,0,0,0,0,0
19,S02BPM1,Monitor,3.623,0.045,10.84,0.424,0,9.72,0.452,0,0,0,0,0,0
20,S02BPM2,Monitor,3.703,0.08,11.13,0.431,0,9.58,0.46,0,0,0,0,0,0
21,S02D4,Drift,3.848,0.145,11.65,0.444,0,9.33,0.475,0,0,0,0,0,0
22,S02D5,Drift,3.877,0.029,11.76,0.446,0,9.29,0.478,0,0,0,0,0,0
23,S02Q2,Quadrupole,3.978,0.101,12.09,0.454,0,9.16,0.489,0,0,0.383004965,0,0,0
24,S02D6,Drift,4.006,0.028,12.17,0.457,0,9.13,0.492,0,0,0,0,0,0
25,S02D7,Drift,4.047,0.041,12.29,0.46,0,9.1,0.497,0,0,0,0,0,0
26,S02D8,Drift,4.09,0.043,12.41,0.464,0,9.06,0.502,0,0,0,0,0,0
27,S02S1,Instrument,4.09,0,12.41,0.464,0,9.06,0.502,0,0,0,0,0,0
28,S02D9,Drift,4.167,0.077,12.64,0.47,0,8.99,0.51,0,0,0,0,0,0
29,S02D10,Drift,4.238,0.072,12.85,0.475,0,8.93,0.518,0,0,0,0,0,0
30,S02K2,Kicker,4.268,0.03,12.94,0.478,0,8.9,0.522,0,0,0,0,0,0
31,S02D11,Drift,4.344,0.076,13.17,0.483,0,8.84,0.53,0,0,0,0,0,0
32,S02E1,Ecollimator,4.694,0.35,14.26,0.509,0,8.57,0.57,0,0,0,0,0,0
33,S02D12,Drift,4.816,0.122,14.66,0.517,0,8.48,0.585,0,0,0,0,0,0
34,S02K3,Kicker,4.846,0.03,14.76,0.52,0,8.46,0.588,0,0,0,0,0,0
35,S02D13,Drift,4.968,0.122,15.16,0.528,0,8.38,0.603,0,0,0,0,0,0
36,S02D14,Drift,5.011,0.043,15.31,0.531,0,8.35,0.608,0,0,0,0,0,0
37,S02S2,Instrument,5.011,0,15.31,0.531,0,8.35,0.608,0,0,0,0,0,0
38,S02D15,Drift,5.088,0.077,15.57,0.535,0,8.3,0.617,0,0,0,0,0,0
39,S02D16,Drift,5.148,0.061,15.77,0.539,0,8.27,0.624,0,0,0,0,0,0
40,S02D17,Drift,5.177,0.029,15.87,0.541,0,8.25,0.628,0,0,0,0,0,0
41,S02Q3,Quadrupole,5.278,0.101,16.17,0.547,0,8.22,0.64,0,0,0.301147964,0,0,0
42,S02D18,Drift,5.306,0.028,16.24,0.549,0,8.21,0.643,0,0,0,0,0,0
43,S02D19,Drift,5.548,0.243,16.87,0.564,0,8.2,0.673,0,0,0,0,0,0
44,S02D20,Drift,5.577,0.029,16.94,0.566,0,8.2,0.677,0,0,0,0,0,0
45,S02Q4,Quadrupole,5.678,0.101,17.06,0.571,0,8.28,0.689,0,0,0.848594836,0,0,0
46,S02D21,Drift,5.706,0.028,17.05,0.573,0,8.32,0.692,0,0,0,0,0,0
47,S02D22,Drift,5.727,0.021,17.05,0.574,0,8.35,0.695,0,0,0,0,0,0
48,S02D23,Drift,6.227,0.5,16.93,0.604,0,9.12,0.752,0,0,0,0,0,0
49,S02D24,Drift,6.361,0.134,16.9,0.612,0,9.34,0.767,0,0,0,0,0,0
50,S02D25,Drift,6.39,0.029,16.9,0.613,0,9.39,0.77,0,0,0,0,0,0
51,S02Q5,Quadrupole,6.491,0.101,16.75,0.619,0,9.63,0.78,0,0,0.738041708,0,0,0
52,S02D26,Drift,6.491,0,16.75,0.619,0,9.63,0.78,0,0,0,0,0,0
53,S02BPM3,Monitor,6.542,0.051,16.62,0.622,0,9.8,0.786,0,0,0,0,0,0
54,S02D27,Drift,6.55,0.008,16.59,0.623,0,9.82,0.786,0,0,0,0,0,0
55,S02D28,Drift,6.583,0.033,16.51,0.625,0,9.93,0.79,0,0,0,0,0,0
56,S02S3,Instrument,6.583,0,16.51,0.625,0,9.93,0.79,0,0,0,0,0,0
57,S02D29,Drift,6.66,0.077,16.31,0.63,0,10.18,0.797,0,0,0,0,0,0
58,S02K4,Kicker,6.718,0.057,16.16,0.633,0,10.37,0.803,0,0,0,0,0,0
59,S02D30,Drift,6.749,0.031,16.08,0.635,0,10.47,0.806,0,0,0,0,0,0
60,L02D1,Drift,6.789,0.041,15.97,0.638,0,10.61,0.81,0,0,0,0,0,0
61,L02C1,Lcavity,10.856,4.067,5.62,1.112,0,27.72,1.065,0,0,0,21000000,23,2998500000
62,L02D2,Drift,10.897,0.042,5.56,1.119,0,27.92,1.066,0,0,0,0,0,0
63,S03D1,Drift,11.087,0.19,5.31,1.154,0,28.84,1.073,0,0,0,0,0,0
64,S03BPM1,Monitor,11.297,0.21,5.06,1.195,0,29.87,1.08,0,0,0,0,0,0
65,S03D2,Drift,11.385,0.088,4.96,1.212,0,30.31,1.083,0,0,0,0,0,0
66,S03Q1,Quadrupole,11.547,0.162,4.92,1.245,0,30.36,1.088,0,0,-0.972061728,0,0,0
67,S03D3,Drift,11.647,0.1,4.97,1.266,0,29.9,1.092,0,0,0,0,0,0
68,S03D4,Drift,11.747,0.1,5.03,1.286,0,29.46,1.095,0,0,0,0,0,0
69,S03D5,Drift,11.772,0.025,5.05,1.29,0,29.35,1.096,0,0,0,0,0,0
70,S03K1,Kicker,11.822,0.05,5.08,1.3,0,29.12,1.098,0,0,0,0,0,0
71,S03D6,Drift,11.847,0.025,5.09,1.305,0,29.01,1.098,0,0,0,0,0,0
72,S03D7,Drift,11.867,0.02,5.11,1.309,0,28.93,1.099,0,0,0,0,0,0
73,S03D8,Drift,11.911,0.043,5.14,1.318,0,28.74,1.101,0,0,0,0,0,0
74,S03S1,Instrument,11.911,0,5.14,1.318,0,28.74,1.101,0,0,0,0,0,0
75,S03D9,Drift,11.987,0.077,5.19,1.332,0,28.4,1.103,0,0,0,0,0,0
76,S03D10,Drift,12.05,0.063,5.24,1.345,0,28.13,1.106,0,0,0,0,0,0
77,L03D1,Drift,12.092,0.042,5.27,1.352,0,27.95,1.107,0,0,0,0,0,0
78,L03C1,Lcavity,16.159,4.067,11.9,1.897,0,13.29,1.321,0,0,0,11000000,-8,2998500000
79,L03D2,Drift,16.2,0.042,12,1.9,0,13.18,1.325,0,0,0,0,0,0
80,S04D1,Drift,16.31,0.11,12.28,1.909,0,12.88,1.333,0,0,0,0,0,0
81,S04D2,Drift,16.335,0.025,12.34,1.911,0,12.81,1.335,0,0,0,0,0,0
82,S04K1,Kicker,16.385,0.05,12.47,1.915,0,12.68,1.339,0,0,0,0,0,0
83,S04D3,Drift,16.395,0.01,12.49,1.916,0,12.65,1.34,0,0,0,0,0,0
84,S04D4,Drift,16.418,0.023,12.55,1.918,0,12.59,1.341,0,0,0,0,0,0
85,S04Q1,Quadrupole,16.58,0.162,12.77,1.931,0,12.37,1.354,0,0,0.621796296,0,0,0
86,S04D5,Drift,16.604,0.024,12.77,1.933,0,12.37,1.356,0,0,0,0,0,0
87,S04D6,Drift,16.681,0.076,12.77,1.939,0,12.37,1.363,0,0,0,0,0,0
88,S04BPM1,Monitor,16.891,0.21,12.79,1.955,0,12.36,1.38,0,0,0,0,0,0
89,S04D7,Drift,16.915,0.025,12.8,1.957,0,12.35,1.382,0,0,0,0,0,0
90,S04D8,Drift,16.938,0.023,12.8,1.959,0,12.35,1.383,0,0,0,0,0,0
91,S04Q2,Quadrupole,17.1,0.162,12.76,1.971,0,12.41,1.397,0,0,0.166333951,0,0,0
92,S04D9,Drift,17.135,0.035,12.74,1.974,0,12.43,1.399,0,0,0,0,0,0
93,S04D10,Drift,17.27,0.135,12.67,1.985,0,12.52,1.41,0,0,0,0,0,0
94,S04D11,Drift,17.314,0.043,12.65,1.988,0,12.55,1.414,0,0,0,0,0,0
95,S04S1,Instrument,17.314,0,12.65,1.988,0,12.55,1.414,0,0,0,0,0,0
96,S04D12,Drift,17.39,0.077,12.61,1.994,0,12.61,1.42,0,0,0,0,0,0
97,S04D13,Drift,17.415,0.025,12.6,1.996,0,12.63,1.422,0,0,0,0,0,0
98,S04D14,Drift,17.438,0.023,12.59,1.998,0,12.64,1.424,0,0,0,0,0,0
99,S04Q3,Quadrupole,17.6,0.162,12.64,2.011,0,12.63,1.436,0,0,-0.387753704,0,0,0
100,S04D15,Drift,17.635,0.035,12.68,2.014,0,12.61,1.439,0,0,0,0,0,0
101,S04D16,Drift,17.65,0.015,12.69,2.015,0,12.59,1.44,0,0,0,0,0,0
102,S04BPM2,Monitor,17.86,0.21,12.93,2.031,0,12.42,1.457,0,0,0,0,0,0
103,S04D17,Drift,17.92,0.06,13.01,2.036,0,12.38,1.462,0,0,0,0,0,0
104,S04D18,Drift,17.938,0.018,13.03,2.037,0,12.36,1.463,0,0,0,0,0,0
105,S04Q4,Quadrupole,18.1,0.162,13.29,2.05,0,12.17,1.477,0,0,-0.208382716,0,0,0
106,S04D19,Drift,18.13,0.03,13.36,2.052,0,12.13,1.479,0,0,0,0,0,0
107,S04D20,Drift,18.3,0.17,13.72,2.064,0,11.87,1.493,0,0,0,0,0,0
108,S04D21,Drift,18.325,0.025,13.78,2.066,0,11.83,1.495,0,0,0,0,0,0
109,S04K2,Kicker,18.375,0.05,13.89,2.07,0,11.75,1.5,0,0,0,0,0,0
110,S04D22,Drift,18.4,0.025,13.94,2.072,0,11.72,1.502,0,0,0,0,0,0
111,S04D23,Drift,18.41,0.01,13.97,2.072,0,11.7,1.503,0,0,0,0,0,0
112,S04D24,Drift,18.454,0.043,14.06,2.076,0,11.64,1.506,0,0,0,0,0,0
113,S04S2,Instrument,18.454,0,14.06,2.076,0,11.64,1.506,0,0,0,0,0,0
114,S04D25,Drift,18.53,0.077,14.23,2.081,0,11.53,1.513,0,0,0,0,0,0
115,S04D26,Drift,18.59,0.06,14.37,2.085,0,11.44,1.518,0,0,0,0,0,0
116,S04B1,Drift,18.69,0.1,14.6,2.092,0,11.3,1.527,0,0,0,0,0,0
117,S04D27,Drift,18.74,0.05,14.71,2.095,0,11.23,1.531,0,0,0,0,0,0
118,S04D28,Rcollimator,18.99,0.25,15.3,2.112,0,10.89,1.554,0,0,0,0,0,0
119,S04D29,Drift,19.04,0.05,15.43,2.115,0,10.82,1.559,0,0,0,0,0,0
120,S04B2,Drift,19.14,0.1,15.67,2.122,0,10.69,1.568,0,0,0,0,0,0
121,S04D30,Drift,19.19,0.05,15.79,2.125,0,10.63,1.573,0,0,0,0,0,0
122,S04D31,Drift,19.234,0.043,15.9,2.128,0,10.57,1.577,0,0,0,0,0,0
123,S04S3,Instrument,19.234,0,15.9,2.128,0,10.57,1.577,0,0,0,0,0,0
124,S04D32,Drift,19.31,0.077,16.09,2.133,0,10.48,1.584,0,0,0,0,0,0
125,S04D33,Drift,19.385,0.075,16.28,2.137,0,10.38,1.591,0,0,0,0,0,0
126,S04K3,Kicker,19.435,0.05,16.41,2.14,0,10.32,1.596,0,0,0,0,0,0
127,S04D34,Drift,19.485,0.05,16.53,2.143,0,10.26,1.601,0,0,0,0,0,0
128,S04BPM3,Monitor,19.52,0.035,16.62,2.145,0,10.22,1.604,0,0,0,0,0,0
129,S04D35,Drift,19.878,0.357,17.56,2.166,0,9.81,1.64,0,0,0,0,0,0
130,S04D36,Drift,20.235,0.357,18.54,2.186,0,9.44,1.677,0,0,0,0,0,0
131,S04BPM4,Monitor,20.445,0.21,19.14,2.197,0,9.24,1.7,0,0,0,0,0,0
132,S04D37,Drift,20.489,0.043,19.26,2.2,0,9.19,1.704,0,0,0,0,0,0
133,S04S4,Instrument,20.489,0,19.26,2.2,0,9.19,1.704,0,0,0,0,0,0
134,S04D38,Drift,20.565,0.077,19.48,2.203,0,9.12,1.713,0,0,0,0,0,0
135,S04D39,Drift,20.615,0.05,19.63,2.206,0,9.08,1.718,0,0,0,0,0,0
136,S04B3,Drift,20.715,0.1,19.92,2.211,0,8.99,1.729,0,0,0,0,0,0
137,S04D40,Drift,20.765,0.05,20.07,2.214,0,8.95,1.735,0,0,0,0,0,0
138,S04D41,Drift,21.015,0.25,20.82,2.226,0,8.74,1.763,0,0,0,0,0,0
139,S04D42,Drift,21.065,0.05,20.97,2.228,0,8.7,1.769,0,0,0,0,0,0
140,S04B4,Drift,21.165,0.1,21.28,2.233,0,8.62,1.78,0,0,0,0,0,0
141,S04D43,Drift,21.215,0.05,21.44,2.235,0,8.59,1.786,0,0,0,0,0,0
142,S04D44,Drift,21.272,0.057,21.61,2.238,0,8.55,1.793,0,0,0,0,0,0
143,S04D45,Drift,21.315,0.043,21.75,2.24,0,8.51,1.798,0,0,0,0,0,0
144,S04S5,Instrument,21.315,0,21.75,2.24,0,8.51,1.798,0,0,0,0,0,0
145,S04D46,Drift,21.392,0.077,21.99,2.243,0,8.46,1.807,0,0,0,0,0,0
146,S04D47,Drift,21.435,0.043,22.13,2.245,0,8.43,1.812,0,0,0,0,0,0
147,S04D48,Drift,21.453,0.018,22.19,2.246,0,8.42,1.814,0,0,0,0,0,0
148,S04Q5,Quadrupole,21.615,0.162,22.56,2.253,0,8.37,1.833,0,0,0.253635185,0,0,0
149,S04D49,Drift,21.645,0.03,22.6,2.255,0,8.37,1.837,0,0,0,0,0,0
150,S04D50,Drift,21.705,0.06,22.68,2.257,0,8.37,1.844,0,0,0,0,0,0
151,S04K4,Kicker,21.755,0.05,22.75,2.26,0,8.38,1.85,0,0,0,0,0,0
152,S04D51,Drift,21.78,0.025,22.79,2.261,0,8.38,1.853,0,0,0,0,0,0
153,S04D52,Drift,21.935,0.155,23.01,2.267,0,8.4,1.872,0,0,0,0,0,0
154,S04D53,Drift,21.953,0.018,23.03,2.268,0,8.4,1.874,0,0,0,0,0,0
155,S04Q6,Quadrupole,22.115,0.162,23,2.275,0,8.52,1.893,0,0,0.433246914,0,0,0
156,S04D54,Drift,22.145,0.03,22.95,2.277,0,8.56,1.896,0,0,0,0,0,0
157,S04D55,Drift,22.195,0.05,22.86,2.279,0,8.63,1.902,0,0,0,0,0,0
158,S04BPM5,Monitor,22.405,0.21,22.49,2.288,0,8.93,1.926,0,0,0,0,0,0
159,S04D56,Drift,22.453,0.048,22.4,2.29,0,9,1.932,0,0,0,0,0,0
160,S04Q7,Quadrupole,22.615,0.162,21.82,2.297,0,9.37,1.949,0,0,0.52180679,0,0,0
161,S04D57,Drift,22.645,0.03,21.66,2.299,0,9.47,1.952,0,0,0,0,0,0
162,S04D58,Drift,22.74,0.095,21.15,2.303,0,9.77,1.962,0,0,0,0,0,0
163,S04D59,Drift,22.765,0.025,21.02,2.304,0,9.85,1.965,0,0,0,0,0,0
164,S04K5,Kicker,22.815,0.05,20.75,2.307,0,10.01,1.97,0,0,0,0,0,0
165,S04D60,Drift,22.84,0.025,20.62,2.308,0,10.09,1.972,0,0,0,0,0,0
166,S04D61,Drift,22.945,0.105,20.07,2.313,0,10.44,1.983,0,0,0,0,0,0
167,S04D62,Drift,22.963,0.018,19.98,2.314,0,10.5,1.984,0,0,0,0,0,0
168,S04Q8,Quadrupole,23.125,0.162,19.29,2.322,0,10.98,1.999,0,0,-0.268790123,0,0,0
169,S04D63,Drift,23.175,0.05,19.13,2.325,0,11.11,2.004,0,0,0,0,0,0
170,S04BPM6,Monitor,23.385,0.21,18.43,2.336,0,11.65,2.022,0,0,0,0,0,0
171,S04D64,Drift,23.457,0.072,18.2,2.34,0,11.84,2.029,0,0,0,0,0,0
172,L4HD1,Drift,23.565,0.107,17.86,2.346,0,12.13,2.037,0,0,0,0,0,0
173,L4HC1,Lcavity,24.315,0.75,15.58,2.391,0,14.32,2.094,0,0,0,0,274,11994000000
174,L4HD2,Drift,24.422,0.107,15.27,2.398,0,14.65,2.102,0,0,0,0,0,0
175,S05D1,Drift,24.532,0.11,14.96,2.405,0,15,2.109,0,0,0,0,0,0
176,S05D2,Drift,24.653,0.121,14.63,2.413,0,15.39,2.117,0,0,0,0,0,0
177,S05Q1,Quadrupole,24.815,0.162,14.48,2.425,0,15.6,2.128,0,0,-0.781820988,0,0,0
178,S05D3,Drift,24.862,0.047,14.53,2.428,0,15.57,2.131,0,0,0,0,0,0
179,S05D4,Drift,24.912,0.05,14.58,2.431,0,15.54,2.134,0,0,0,0,0,0
180,S05D5,Drift,25.026,0.114,14.69,2.439,0,15.47,2.141,0,0,0,0,0,0
181,S05K1,Kicker,25.076,0.05,14.74,2.442,0,15.44,2.144,0,0,0,0,0,0
182,S05D6,Drift,25.101,0.025,14.76,2.444,0,15.42,2.146,0,0,0,0,0,0
183,S05D7,Drift,25.115,0.014,14.78,2.445,0,15.42,2.147,0,0,0,0,0,0
184,S05BPM1,Monitor,25.136,0.021,14.8,2.447,0,15.4,2.148,0,0,0,0,0,0
185,S05D8,Drift,25.179,0.043,14.84,2.449,0,15.38,2.151,0,0,0,0,0,0
186,S05S1,Instrument,25.179,0,14.84,2.449,0,15.38,2.151,0,0,0,0,0,0
187,S05D9,Drift,25.256,0.077,14.92,2.455,0,15.33,2.156,0,0,0,0,0,0
188,S05BPM2,Monitor,25.336,0.08,15,2.46,0,15.28,2.161,0,0,0,0,0,0
189,S05D10,Drift,25.403,0.067,15.07,2.464,0,15.25,2.166,0,0,0,0,0,0
190,S05Q2,Quadrupole,25.565,0.162,14.74,2.475,0,15.68,2.176,0,0,1.292382716,0,0,0
191,S05D11,Drift,25.615,0.05,14.48,2.479,0,15.97,2.179,0,0,0,0,0,0
192,S05BPM3,Monitor,25.825,0.21,13.43,2.494,0,17.26,2.192,0,0,0,0,0,0
193,VBCD1,Drift,25.965,0.14,12.76,2.504,0,18.15,2.2,0,0,0,0,0,0
194,VBCD2,Drift,26.065,0.1,12.29,2.512,0,18.8,2.205,0,0,0,0,0,0
195,VBCB1,Sbend,26.266,0.201,11.38,2.529,0.01,19.87,2.216,0,1.682016166,0,0,0,0
196,VBCD3,Drift,26.367,0.1,10.94,2.538,0.02,20.28,2.221,0,0,0,0,0,0
197,VBCD4,Drift,27.673,1.306,6.17,2.698,0.18,25.98,2.278,0,0,0,0,0,0
198,VBCD5,Drift,27.773,0.1,5.88,2.715,0.19,26.45,2.282,0,0,0,0,0,0
199,VBCB2,Sbend,27.974,0.201,5.33,2.75,0.2,27.03,2.289,0,-1.682016166,0,0,0,0
200,VBCD6,Drift,28.074,0.1,5.07,2.77,0.2,27.13,2.293,0,0,0,0,0,0
201,VBCD7,Drift,28.131,0.057,4.92,2.781,0.2,27.18,2.295,0,0,0,0,0,0
202,VBCD8,Drift,28.271,0.14,4.58,2.811,0.2,27.32,2.3,0,0,0,0,0,0
203,VBCK1,Kicker,28.321,0.05,4.47,2.822,0.2,27.37,2.302,0,0,0,0,0,0
204,VBCD9,Drift,28.363,0.043,4.37,2.831,0.2,27.42,2.303,0,0,0,0,0,0
205,VBCBPM1,Monitor,28.395,0.031,4.3,2.838,0.2,27.45,2.305,0,0,0,0,0,0
206,VBCD10,Drift,28.407,0.012,4.27,2.841,0.2,27.46,2.305,0,0,0,0,0,0
207,VBCR0,Rcollimator,28.887,0.48,3.33,2.969,0.2,27.96,2.322,0,0,0,0,0,0
208,VBCD11,Drift,28.912,0.025,3.29,2.977,0.2,27.99,2.323,0,0,0,0,0,0
209,VBCS1,Instrument,28.912,0,3.29,2.977,0.2,27.99,2.323,0,0,0,0,0,0
210,VBCD12,Drift,28.989,0.077,3.16,3,0.2,28.07,2.326,0,0,0,0,0,0
211,VBCD13,Drift,29.174,0.185,2.89,3.062,0.2,28.27,2.333,0,0,0,0,0,0
212,VBCD14,Drift,29.274,0.1,2.75,3.097,0.2,28.38,2.336,0,0,0,0,0,0
213,VBCB4,Sbend,29.475,0.201,2.51,3.174,0.19,28.2,2.343,0,-1.682016166,0,0,0,0
214,VBCD15,Drift,29.576,0.1,2.4,3.215,0.18,27.91,2.347,0,0,0,0,0,0
215,VBCD16,Drift,30.882,1.306,1.99,3.855,0.02,24.33,2.397,0,0,0,0,0,0
216,VBCD17,Drift,30.982,0.1,2.03,3.905,0.01,24.07,2.401,0,0,0,0,0,0
217,VBCB5,Sbend,31.183,0.201,2.14,4.001,0,23.21,2.41,0,1.682016166,0,0,0,0
218,VBCD18,Rcollimator,31.283,0.1,2.22,4.047,0,22.63,2.414,0,0,0,0,0,0
219,S06D1,Drift,31.573,0.29,2.49,4.171,0,21,2.427,0,0,0,0,0,0
220,S06D2,Drift,31.598,0.025,2.51,4.181,0,20.86,2.428,0,0,0,0,0,0
221,S06K1,Kicker,31.648,0.05,2.57,4.201,0,20.58,2.431,0,0,0,0,0,0
222,S06D3,Drift,31.673,0.025,2.6,4.21,0,20.45,2.432,0,0,0,0,0,0
223,S06BPM1,Monitor,31.693,0.02,2.62,4.218,0,20.34,2.433,0,0,0,0,0,0
224,S06D4,Drift,31.793,0.1,2.75,4.255,0,19.8,2.438,0,0,0,0,0,0
225,S06Q1,Quadrupole,31.943,0.15,2.89,4.308,0,19.47,2.446,0,0,1.0505,0,0,0
226,S06D5,Drift,32.043,0.1,2.95,4.342,0,19.55,2.451,0,0,0,0,0,0
227,S06BPM2,Monitor,32.188,0.145,3.05,4.391,0,19.68,2.458,0,0,0,0,0,0
228,S06D6,Drift,32.265,0.076,3.1,4.416,0,19.75,2.462,0,0,0,0,0,0
229,S06BPM3,Monitor,32.553,0.288,3.36,4.505,0,20.02,2.477,0,0,0,0,0,0
230,S06D7,Drift,32.653,0.1,3.46,4.535,0,20.11,2.482,0,0,0,0,0,0
231,S06Q2,Quadrupole,32.803,0.15,3.67,4.577,0,20.07,2.489,0,0,-0.410838667,0,0,0
232,S06D8,Drift,32.903,0.1,3.84,4.603,0,19.92,2.494,0,0,0,0,0,0
233,S06D9,Drift,32.946,0.043,3.91,4.615,0,19.85,2.496,0,0,0,0,0,0
234,S06S1,Instrument,32.946,0,3.91,4.615,0,19.85,2.496,0,0,0,0,0,0
235,S06D10,Drift,33.023,0.077,4.05,4.634,0,19.74,2.5,0,0,0,0,0,0
236,S06D11,Drift,33.623,0.6,5.32,4.763,0,18.88,2.531,0,0,0,0,0,0
237,S06D12,Drift,33.79,0.167,5.73,4.794,0,18.65,2.54,0,0,0,0,0,0
238,S06D13,Drift,33.833,0.043,5.84,4.801,0,18.59,2.542,0,0,0,0,0,0
239,S06K2,Kicker,33.883,0.05,5.97,4.81,0,18.53,2.545,0,0,0,0,0,0
240,S06D14,Drift,33.89,0.007,5.98,4.811,0,18.52,2.545,0,0,0,0,0,0
241,S06D15,Drift,33.932,0.042,6.1,4.818,0,18.46,2.548,0,0,0,0,0,0
242,S06BPM4,Monitor,33.957,0.025,6.16,4.822,0,18.43,2.549,0,0,0,0,0,0
243,S06D16,Drift,34,0.043,6.28,4.829,0,18.37,2.551,0,0,0,0,0,0
244,S06S2,Instrument,34,0,6.28,4.829,0,18.37,2.551,0,0,0,0,0,0
245,S06D17,Drift,34.077,0.077,6.49,4.841,0,18.27,2.556,0,0,0,0,0,0
246,S06D18,Drift,34.133,0.056,6.65,4.849,0,18.2,2.559,0,0,0,0,0,0
247,L04D1,Drift,34.175,0.042,6.77,4.856,0,18.14,2.561,0,0,0,0,0,0
248,L04C1,Lcavity,38.242,4.067,26,5.169,0,13.89,2.822,0,0,0,18000000,-45,2998500000
249,L04D2,Drift,38.283,0.041,26.27,5.171,0,13.85,2.825,0,0,0,0,0,0
250,S07BPM1,Monitor,38.493,0.21,27.66,5.179,0,13.7,2.84,0,0,0,0,0,0
251,S07D1,Drift,38.618,0.125,28.5,5.183,0,13.62,2.849,0,0,0,0,0,0
252,S07D2,Drift,38.643,0.025,28.67,5.184,0,13.6,2.851,0,0,0,0,0,0
253,S07K1,Kicker,38.693,0.05,29.02,5.186,0,13.57,2.855,0,0,0,0,0,0
254,S07D3,Drift,38.718,0.025,29.19,5.187,0,13.55,2.857,0,0,0,0,0,0
255,S07D4,Drift,38.793,0.075,29.71,5.189,0,13.5,2.862,0,0,0,0,0,0
256,S07Q1,Quadrupole,38.943,0.15,29.14,5.194,0,14.15,2.873,0,0,2.417906667,0,0,0
257,S07D5,Drift,39.043,0.1,27.71,5.198,0,15.11,2.88,0,0,0,0,0,0
258,S07D6,Drift,39.143,0.1,26.32,5.201,0,16.11,2.886,0,0,0,0,0,0
259,S07D7,Drift,39.243,0.1,24.97,5.205,0,17.13,2.892,0,0,0,0,0,0
260,S07Q2,Quadrupole,39.393,0.15,23.42,5.212,0,18.42,2.901,0,0,-0.773553333,0,0,0
261,S07D8,Drift,39.493,0.1,22.69,5.216,0,19.09,2.906,0,0,0,0,0,0
262,S07BPM2,Monitor,39.703,0.21,21.19,5.225,0,20.54,2.917,0,0,0,0,0,0
263,S07D9,Drift,39.778,0.075,20.67,5.229,0,21.08,2.92,0,0,0,0,0,0
264,S07D10,Drift,39.803,0.025,20.5,5.23,0,21.25,2.922,0,0,0,0,0,0
265,S07K2,Kicker,39.853,0.05,20.16,5.233,0,21.62,2.924,0,0,0,0,0,0
266,S07D11,Drift,39.878,0.025,19.99,5.234,0,21.8,2.925,0,0,0,0,0,0
267,S07D12,Drift,39.903,0.025,19.82,5.235,0,21.98,2.926,0,0,0,0,0,0
268,S07D13,Drift,39.946,0.043,19.53,5.237,0,22.3,2.928,0,0,0,0,0,0
269,S07S1,Instrument,39.946,0,19.53,5.237,0,22.3,2.928,0,0,0,0,0,0
270,S07D14,Drift,40.023,0.077,19.02,5.241,0,22.86,2.932,0,0,0,0,0,0
271,S07D15,Drift,40.37,0.347,16.8,5.261,0,25.53,2.946,0,0,0,0,0,0
272,S07C1,Lcavity,40.82,0.45,14.15,5.29,0,29.22,2.962,0,0,0,0,45,2998500000
273,S07D16,Drift,41.123,0.303,12.51,5.313,0,31.86,2.972,0,0,0,0,0,0
274,S07D17,Drift,41.198,0.075,12.12,5.319,0,32.53,2.975,0,0,0,0,0,0
275,S07D18,Drift,41.223,0.025,11.99,5.321,0,32.76,2.975,0,0,0,0,0,0
276,S07K3,Kicker,41.273,0.05,11.74,5.325,0,33.21,2.977,0,0,0,0,0,0
277,S07D19,Drift,41.298,0.025,11.61,5.327,0,33.44,2.978,0,0,0,0,0,0
278,S07D20,Drift,41.323,0.025,11.49,5.329,0,33.67,2.978,0,0,0,0,0,0
279,S07BPM3,Monitor,41.323,0,11.49,5.329,0,33.67,2.978,0,0,0,0,0,0
280,S07D21,Drift,41.423,0.1,11,5.338,0,34.59,2.981,0,0,0,0,0,0
281,S07Q3,Quadrupole,41.573,0.15,10.56,5.352,0,35.07,2.986,0,0,-1.169645507,0,0,0
282,S07D22,Drift,41.673,0.1,10.47,5.362,0,34.78,2.988,0,0,0,0,0,0
283,S07D23,Drift,42.073,0.4,10.1,5.401,0,33.63,3,0,0,0,0,0,0
284,S07D24,Drift,42.173,0.1,10.01,5.411,0,33.35,3.003,0,0,0,0,0,0
285,S07Q4,Quadrupole,42.323,0.15,10.07,5.426,0,32.31,3.008,0,0,-0.832671251,0,0,0
286,S07D25,Drift,42.423,0.1,10.25,5.436,0,31.23,3.011,0,0,0,0,0,0
287,S07BPM4,Monitor,42.633,0.21,10.61,5.456,0,29.02,3.018,0,0,0,0,0,0
288,S07D26,Drift,42.676,0.043,10.69,5.46,0,28.57,3.019,0,0,0,0,0,0
289,S07S2,Instrument,42.676,0,10.69,5.46,0,28.57,3.019,0,0,0,0,0,0
290,S07D27,Drift,42.753,0.077,10.83,5.467,0,27.79,3.022,0,0,0,0,0,0
291,S07D28,Drift,42.853,0.1,11.02,5.476,0,26.79,3.026,0,0,0,0,0,0
292,S07Q5,Quadrupole,43.003,0.15,11.11,5.49,0,25.77,3.031,0,0,0.751513817,0,0,0
293,S07D29,Drift,43.103,0.1,11.05,5.499,0,25.38,3.035,0,0,0,0,0,0
294,S07D30,Drift,43.148,0.045,11.03,5.503,0,25.21,3.037,0,0,0,0,0,0
295,S07D31,Drift,43.173,0.025,11.01,5.505,0,25.12,3.038,0,0,0,0,0,0
296,S07K4,Kicker,43.223,0.05,10.98,5.509,0,24.93,3.04,0,0,0,0,0,0
297,S07D32,Drift,43.24,0.017,10.98,5.511,0,24.86,3.041,0,0,0,0,0,0
298,S07BPM5,Monitor,43.54,0.3,10.82,5.539,0,23.75,3.053,0,0,0,0,0,0
299,S07D33,Drift,43.54,0,10.82,5.539,0,23.75,3.053,0,0,0,0,0,0
300,S07D34,Drift,43.603,0.063,10.79,5.544,0,23.52,3.056,0,0,0,0,0,0
301,S07Q6,Quadrupole,43.753,0.15,10.73,5.558,0,22.95,3.062,0,0,-0.061806253,0,0,0
302,S07D35,Drift,43.853,0.1,10.71,5.568,0,22.55,3.067,0,0,0,0,0,0
303,S07D36,Drift,43.947,0.094,10.69,5.576,0,22.19,3.071,0,0,0,0,0,0
304,S07E1,Ecollimator,44.543,0.596,10.59,5.632,0,19.93,3.099,0,0,0,0,0,0
305,S07BPM6,Monitor,44.753,0.21,10.57,5.652,0,19.17,3.11,0,0,0,0,0,0
306,S07D37,Drift,44.853,0.1,10.57,5.662,0,18.82,3.115,0,0,0,0,0,0
307,S07Q7,Quadrupole,45.003,0.15,10.93,5.676,0,17.67,3.123,0,0,-1.515225612,0,0,0
308,S07D38,Drift,45.103,0.1,11.42,5.685,0,16.54,3.129,0,0,0,0,0,0
309,S07D39,Drift,45.127,0.024,11.54,5.687,0,16.27,3.131,0,0,0,0,0,0
310,S07K5,Kicker,45.177,0.05,11.8,5.691,0,15.72,3.134,0,0,0,0,0,0
311,S07D40,Drift,45.203,0.026,11.93,5.693,0,15.44,3.136,0,0,0,0,0,0
312,S07D41,Drift,45.803,0.6,15.25,5.738,0,9.66,3.185,0,0,0,0,0,0
313,S07D42,Drift,45.963,0.16,16.21,5.748,0,8.36,3.202,0,0,0,0,0,0
314,S07D43,Drift,45.988,0.025,16.37,5.75,0,8.16,3.205,0,0,0,0,0,0
315,S07K6,Kicker,46.038,0.05,16.67,5.753,0,7.78,3.212,0,0,0,0,0,0
316,S07D44,Drift,46.063,0.025,16.83,5.754,0,7.59,3.215,0,0,0,0,0,0
317,S07D45,Drift,46.263,0.2,18.11,5.766,0,6.19,3.244,0,0,0,0,0,0
318,S07BPM7,Monitor,46.313,0.05,18.43,5.768,0,5.86,3.253,0,0,0,0,0,0
319,S07D46,Drift,46.413,0.1,19.09,5.774,0,5.23,3.271,0,0,0,0,0,0
320,S07D47,Drift,46.456,0.043,19.39,5.776,0,4.97,3.279,0,0,0,0,0,0
321,S07S3,Instrument,46.456,0,19.39,5.776,0,4.97,3.279,0,0,0,0,0,0
322,S07D48,Drift,46.533,0.077,19.91,5.78,0,4.53,3.295,0,0,0,0,0,0
323,S07D49,Drift,46.633,0.1,20.6,5.785,0,3.99,3.319,0,0,0,0,0,0
324,S07D50,Drift,46.733,0.1,21.3,5.789,0,3.49,3.346,0,0,0,0,0,0
325,S07Q8,Quadrupole,46.883,0.15,19.78,5.797,0,3.2,3.391,0,0,5.481844054,0,0,0
326,S07D51,Drift,46.983,0.1,17.2,5.802,0,3.28,3.422,0,0,0,0,0,0
327,S07D52,Drift,47.183,0.2,12.6,5.816,0,3.47,3.482,0,0,0,0,0,0
328,S07D53,Drift,47.271,0.088,10.8,5.823,0,3.56,3.507,0,0,0,0,0,0
329,S07Q9,Quadrupole,47.433,0.162,7.3,5.841,0,3.99,3.55,0,0,2.507240848,0,0,0
330,S07D54,Drift,47.533,0.1,5.2,5.857,0,4.44,3.574,0,0,0,0,0,0
331,S07BPM8,Monitor,47.743,0.21,1.97,5.923,0,5.48,3.616,0,0,0,0,0,0
332,S07D55,Drift,47.768,0.025,1.69,5.937,0,5.61,3.621,0,0,0,0,0,0
333,S07K7,Kicker,47.818,0.05,1.19,5.972,0,5.88,3.63,0,0,0,0,0,0
334,S07D56,Drift,47.843,0.025,0.98,5.995,0,6.02,3.634,0,0,0,0,0,0
335,S07D57,Drift,47.886,0.043,0.66,6.049,0,6.26,3.641,0,0,0,0,0,0
336,S07S4,Instrument,47.886,0,0.66,6.049,0,6.26,3.641,0,0,0,0,0,0
337,S07D58,Drift,47.963,0.077,0.26,6.234,0,6.71,3.653,0,0,0,0,0,0
338,S07D59,Drift,48.051,0.088,0.06,6.987,0,7.24,3.665,0,0,0,0,0,0
339,S07Q10,Quadrupole,48.213,0.162,0.45,8.493,0,6.73,3.688,0,0,-7.915695215,0,0,0
340,S07D60,Drift,48.313,0.1,1.23,8.628,0,5.6,3.704,0,0,0,0,0,0
341,S07D61,Drift,48.513,0.2,4.06,8.717,0,3.64,3.748,0,0,0,0,0,0
342,S07D62,Drift,48.601,0.088,5.83,8.735,0,2.92,3.775,0,0,0,0,0,0
343,S07Q11,Quadrupole,48.763,0.162,7.75,8.758,0,2.49,3.838,0,0,10.79238895,0,0,0
344,S07D63,Drift,48.863,0.1,7.69,8.771,0,2.68,3.877,0,0,0,0,0,0
345,S07BPM9,Monitor,49.073,0.21,7.59,8.799,0,3.14,3.949,0,0,0,0,0,0
346,S07D64,Drift,49.116,0.043,7.57,8.804,0,3.24,3.963,0,0,0,0,0,0
347,S07S5,Instrument,49.116,0,7.57,8.804,0,3.24,3.963,0,0,0,0,0,0
348,S07D65,Drift,49.193,0.077,7.54,8.814,0,3.43,3.986,0,0,0,0,0,0
349,S07D66,Drift,49.218,0.025,7.53,8.818,0,3.49,3.993,0,0,0,0,0,0
350,S07K8,Kicker,49.268,0.05,7.51,8.824,0,3.62,4.007,0,0,0,0,0,0
351,S07D67,Drift,49.293,0.025,7.5,8.828,0,3.69,4.014,0,0,0,0,0,0